id,first_name,last_name,email,gender,ip_address,age,account
1,Lila,Hevner,lhevner0@craigslist.org,Bigender,219.249.38.228,62,1276.68
2,Florrie,Gravie,fgravie1@msu.edu,Genderqueer,197.81.54.113,41,6496.03
3,Iona,Jakeman,ijakeman2@sbwire.com,Genderfluid,176.111.139.6,64,3291.72
4,Lori,Sinclair,lsinclair3@themeforest.net,Bigender,208.178.177.206,34,4311.57
5,Garrek,Pennick,gpennick4@harvard.edu,Bigender,2.249.170.164,64,5585.8
6,Shamus,Buckland,sbuckland5@shinystat.com,Genderfluid,117.127.226.137,49,6653.92
7,Steffen,Batchelor,sbatchelor6@behance.net,Polygender,229.31.206.168,29,5118.0
8,Edythe,Daile,edaile7@about.com,Genderfluid,195.20.53.5,24,5585.98
9,Rem,Horrell,rhorrell8@squarespace.com,Bigender,194.247.181.8,60,7547.97
10,Antonio,Novacek,anovacek9@ifeng.com,Agender,7.90.123.143,57,1406.54
11,Donnamarie,Brideau,dbrideaua@jalbum.net,Bigender,184.68.137.233,57,5174.64
12,Masha,Cumpton,mcumptonb@mail.ru,Non-binary,8.114.61.157,67,8700.85
13,Marney,Gatus,mgatusc@google.ca,Male,116.223.61.246,22,1160.76
14,Neda,Pitford,npitfordd@google.com.au,Non-binary,224.138.166.164,67,293.45
15,Lanette,Aries,lariese@last.fm,Non-binary,251.75.204.170,49,331.21
16,Winfred,Briiginshaw,wbriiginshawf@uiuc.edu,Polygender,207.69.158.10,29,6350.6
17,Phil,Mannock,pmannockg@alibaba.com,Genderfluid,155.245.199.59,17,7043.78
18,Cedric,Hagland,chaglandh@un.org,Male,114.25.94.184,20,3221.74
19,Xylina,Mawdsley,xmawdsleyi@tripadvisor.com,Female,223.62.131.181,62,5898.32
20,Elvin,Roskelly,eroskellyj@bbc.co.uk,Genderfluid,35.120.12.56,31,3432.96
21,Hanni,Atteridge,hatteridgek@about.com,Genderqueer,196.108.55.42,19,3613.09
22,Thor,Pollicote,tpollicotel@eventbrite.com,Polygender,168.37.212.72,44,7393.38
23,Skyler,Robic,srobicm@netscape.com,Bigender,22.62.204.93,24,9785.54
24,Pepito,Sinkins,psinkinsn@canalblog.com,Genderfluid,47.4.167.149,25,7462.48
25,Addy,Courtese,acourteseo@creativecommons.org,Genderqueer,26.160.81.141,39,5463.85
26,Vanessa,Silveston,vsilvestonp@theglobeandmail.com,Genderfluid,159.108.123.243,36,8668.41
27,Rogers,Gowanson,rgowansonq@nifty.com,Polygender,60.157.252.130,43,3023.88
28,Andy,Tewkesbury,atewkesburyr@skyrock.com,Agender,178.200.66.240,36,7524.52
29,Reece,Dodell,rdodells@toplist.cz,Agender,0.152.242.49,33,4637.51
30,Elliot,Puttan,eputtant@timesonline.co.uk,Female,145.22.163.155,64,1716.63
31,Sioux,Gillis,sgillisu@nyu.edu,Female,175.179.86.240,38,7809.89
32,Abigale,Redmore,aredmorev@mozilla.org,Agender,124.38.3.70,58,4012.41
33,Afton,Smeaton,asmeatonw@amazon.co.uk,Agender,72.50.109.133,41,1666.52
34,Gusti,Ox,goxx@1und1.de,Bigender,111.37.119.56,52,3209.11
35,Locke,Ruddiman,lruddimany@jiathis.com,Agender,11.51.226.243,39,6928.69
36,Ernaline,Rideout,erideoutz@so-net.ne.jp,Agender,99.100.59.169,20,3336.7
37,Tracee,Whistance,twhistance10@sourceforge.net,Bigender,173.181.165.29,54,4325.57
38,Wright,Redler,wredler11@ibm.com,Genderqueer,91.235.51.87,53,3574.35
39,Demetre,Eastam,deastam12@pen.io,Female,48.47.57.75,58,9156.49
40,Lora,Myderscough,lmyderscough13@smh.com.au,Genderfluid,107.113.35.219,33,5240.08
41,Cedric,Grestie,cgrestie14@fc2.com,Bigender,185.79.157.4,32,8766.24
42,Jackson,Greguoli,jgreguoli15@cbsnews.com,Genderqueer,137.193.1.146,67,1760.24
43,Camey,Normanville,cnormanville16@sciencedirect.com,Non-binary,65.75.102.183,32,3343.68
44,Olin,Devany,odevany17@fastcompany.com,Genderfluid,136.250.142.127,43,3410.87
45,Marigold,Valentin,mvalentin18@skyrock.com,Female,62.68.236.211,31,1511.56
46,Dennie,Calcraft,dcalcraft19@blogs.com,Genderqueer,126.28.36.31,39,1300.97
47,Corella,McDermott-Row,cmcdermottrow1a@icq.com,Genderqueer,115.215.47.20,44,8101.96
48,Erl,Phippin,ephippin1b@wikispaces.com,Polygender,5.194.25.171,44,8531.8
49,Barbra,O'Hannigan,bohannigan1c@ihg.com,Polygender,56.145.155.127,61,4547.09
50,Morgun,Fellgett,mfellgett1d@mozilla.com,Agender,20.192.139.26,16,2435.12
